30459;Proximity sensor - Machine FX au 514;Festo;Festo;50.21 $ 
105011.1;Connecteur pour bornier analogique;Entrelec;Proax;1.56 $ 
114776.23;End Section - FEM 61;Entrelec;Proax;0.75 $ 
115116.07;Bornier Standard M4/6;Entrelec;Proax;0.66 $ 
115271.22;Bornier Standard double M4/6.D2;Entrelec;Proax;1.25 $ 
115313.14;Bornier analogique M 4/6;Entrelec;Proax;5.09 $ 
173906.22;Crimped pin pour bornier analogique;Entrelec;Proax;0.82 $ 
399903.02;End Stop - B3 BADL (ancien no. 199408.02);Entrelec;Proax;0.81 $ 
168604.16;Screw + post (Jumper bar pour bornier);Entrelec;Proax;0.66 $ 
601807;Câble multiconducteur 7 cond. Olflex 190 AWG 18;Lapp Canada;Lumen - Joliette;
601812;Câble Olflex 190 AWG18 12 cond.-prix/mètre;Lapp Canada;Lumen - Joliette;7.05 $ 
601825;Câble Olflex 190 AWG18 25 cond.-prix/mètre;Lapp Canada;Lumen - Joliette;13.24 $ 
601850;Câble Olflex 190 AWG18 50 cond.-prix/mètre;Lapp Canada;Lumen - Joliette;40.85 $ 
696269;Transformateur triphasé 230 V 350 VA;Marcus;Dubo-électrique;147.06 $ 
1516205;Bloc de raccordement 8 ports SACB-8/3-1-M16-M8;Phoenix Contact;Proax;93.90 $ 
1682540;M8 protective Cap packet de 5;Phoenix Contact;Proax;0.66 $ 
1687749;Coupling housing 16 pins - PG21;Phoenix Contact;Proax;28.29 $ 
1693733;Câble pour bloc de raccordement SAC-12P-10,0-PUR/M16FR;Phoenix Contact;Proax;121.20 $ 
1753985;Moteur 90 VDC - 1/8 HP 125 RPM;Bodine electric;Moteur Électrique Laval;650.00 $ 
1771202;Insert 10 pins female;Phoenix Contact;Proax;15.18 $ 
1771228;Insert 10 pins male;Phoenix Contact;Proax;15.18 $ 
1771257;Sleeve Housing 10 pins - PG16;Phoenix Contact;Proax;21.10 $ 
1771325;Panel mounting base 10 pins  - PG16;Phoenix Contact;Proax;17.47 $ 
1771448;Coupling housing 10 pins  - PG16;Phoenix Contact;Proax;21.29 $ 
1771464;Insert 16 pins female;Phoenix Contact;Proax;32.85 $ 
1771480;Insert 16 pins male;Phoenix Contact;Proax;32.85 $ 
1771516;Sleeve Housing 16 pins - PG21;Phoenix Contact;Proax;28.29 $ 
1771587;Panel mounting base 16 pins - PG21;Phoenix Contact;Proax;28.29 $ 
1771723;Insert 24 pins female;Phoenix Contact;Proax;25.44 $ 
1771749;Insert 24 pins male;Phoenix Contact;Proax;25.44 $ 
1771781;Capot 24 pins  - PG21;Phoenix Contact;Proax;29.58 $ 
1771927;Embase 24 pins - PG21;Phoenix Contact;Proax;23.98 $ 
1772052;Boitier prolongateur 24 pins - PG21 ;Phoenix Contact;Proax;43.47 $ 
2891152;Hub Ethernet 5 ports unmanaged;Phoenix Contact;Proax;120.00 $ 
2891929;Hub Ethernet 8 ports unmanaged;Phoenix Contact;Proax;280.25 $ 
5511756;Kit connecteur panel mount 24 pin - PG21;Phoenix Contact;Proax;93.71 $ 
5511772;Kit connecteur panel mount 16 pin - PG21;Phoenix Contact;Proax;83.78 $ 
5511785;Kit connecteur panel mount 10 pin - PG16;Phoenix Contact;Proax;81.00 $ 
5540701;Adapteur PG16-1/2 NPT;Phoenix Contact;Proax;7.25 $ 
5540714;Adapteur PG21-3/4 NPT;Phoenix Contact;Proax;10.47 $ 
23300001;Marker Cards couleur blanc;Omron;Proax;2.87 $ 
73220129;Câble spirale AWG18/ 3 cond.;Lapp Canada;Lumen - Joliette;135.07 $ 
0101598.26;Din rail - TS35/CF6 longueur 2M - sur élevé de 15 mm;Entrelec;Proax;10.38 $ 
0173220.05;Din rail - TS35/F6 longueur 2M;Entrelec;Proax;5.05 $ 
04F8269;Câble Ethernet Catégorie 5  - 1000pi.;Newark;Newark;151.57 $ 
051BB400M000061;Solenoïde double sans base ;Numatics;Numatics;121.75 $ 
052BA4R1ML00061;Solenoïde simple avec base et ribbon cable;Numatics;Numatics;148.61 $ 
052BA4Z1ML00061;Solenoïde simple avec base ;Numatics;Numatics;120.25 $ 
100S-C09-D14C;Contacteur de sécurité - 7,5 HP;Allen-Bradley;Lumen - Joliette;170.00 $ 
100S-C23-D14C;Contacteur de sécurité - 15 HP;Allen-Bradley;Lumen - Joliette;220.32 $ 
100S-C30-D14C;Contacteur de sécurité - 30 HP;Allen-Bradley;Lumen - Joliette;278.46 $ 
100S-C85-D04C;Contacteur de sécurité - 60 HP;Allen-Bradley;Lumen - Joliette;500.00 $ 
1214A;Cable 16 conducteur 26 AWG, BELDEN (au mètre);Belden;Nedco;7.60 $ 
1414PHG6;Boîte de jonction ;Hammond;Gray Electrique;59.16 $ 
1414PHH4;Boite de jonction NEMA 12 ----  8 X 8 X 4;Hammond;Gray Electrique;55.00 $ 
1414PHL6;Panneau avec inner plate - 12x12x6 po.;Hammond;Gray Electrique;94.55 $ 
1418D10;Panneau avec Inner Plate - 20X20X10 po.;Hammond;Gray Electrique;323.30 $ 
1418D6;Panneau avec Inner Plate - 20X20X6 po.;Hammond;Gray Electrique;294.05 $ 
1418G6;Panneau avec Inner Plate - 16X16X6 po.;Hammond;Gray Electrique;239.15 $ 
1418J8;Panneau avec inner plate - 24x24x8 po.;Hammond;Gray Electrique;369.59 $ 
1418JE7;Panneau avec Inner Plate - 24X20X7 po.;Hammond;Gray Electrique;329.46 $ 
1418M10;Panneau avec inner plate - 36X30X10 po.;Hammond;Gray Electrique;560.53 $ 
1418M8;Panneau avec inner plate - 30x24x8 po.;Hammond;Gray Electrique;517.03 $ 
1418N4C6;Panneau Nema 4, 20x16x16;Hammond;Gray Electrique;500.00 $ 
1425D;Ensemble de roues consolet;Hammond;Gray Electrique;75.00 $ 
1488-HJ9;Consolet 12x16x9.16;Hammond;Gray Electrique;145.00 $ 
1488-HL9;Consolet 12x20x9.17;Hammond;Gray Electrique;159.59 $ 
1492-GH005 ;Miniature Circuit breaker - 0,5 A;Allen-Bradley;Lumen - Joliette;48.11 $ 
1492-GH010 ;Miniature Circuit breaker - 1 A;Allen-Bradley;Lumen - Joliette;48.11 $ 
1492-GH015;Miniature Circuit breaker - 1,5 A;Allen-Bradley;Lumen - Joliette;48.11 $ 
1492-GH020;Miniature Circuit breaker - 2 A;Allen-Bradley;Lumen - Joliette;48.11 $ 
1492-GH030;Miniature Circuit breaker - 3 A;Allen-Bradley;Lumen - Joliette;48.11 $ 
1492-GH050 ;Miniature Circuit breaker - 5 A;Allen-Bradley;Lumen - Joliette;48.11 $ 
1492-ASPCL1;Bus Bar Fork style;Allen-Bradley;Lumen - Joliette;10.00 $ 
1495C35;Pedestal consolet;Hammond;Gray Electrique;332.13 $ 
1495XK;Base consolet;Hammond;Gray Electrique;135.73 $ 
1501650;Cable 3 cond.x 0.34mm2, 100 mètres;Phoenix Contact;Proax;202.00 $ 
1501663;Cable 4 cond.x 0.34mm2, 100 mètres;Phoenix Contact;Proax;250.00 $ 
1646120;Couvercle de protection pour kit 32 pin;Phoenix Contact;Proax;13.76 $ 
165113.16;Bornier de ground;Entrelec;Proax;3.68 $ 
16M3372;Hood pour DB-25;Newark;Newark;4.06 $ 
16M3376;Hood pour DB-15;Newark;Newark;2.72 $ 
16M3425;25 Pins Plug Female crip - IDC Connecteur;Newark;Newark;7.90 $ 
180-015-102L001;Connecteur DB 15 HD solder cup tin;NorComp;Digikeys;
1826480000;HDC KT-5 - Passe-fils - 1 Trou 5-6mm;Weidmuller;Proax;2.25 $ 
1828170000;HDC BTK - Petit bouche trou;Weidmuller;Proax;2.16 $ 
1828230000;Connecteur HDC KVT 63-4, M63 x 1.5;Weidmuller;Proax;35.01 $ 
18RA-251T;Plaquette mâle;Thomas&Betts;Gray Electrique;0.76 $ 
18RAD-18277;Cosses débranchables femelle;Thomas&Betts;Gray Electrique;0.85 $ 
194E-E25-1753-6N;Disconnect switch 3 pôles 25 A;Allen-Bradley;Lumen - Joliette;83.72 $ 
194E-E60-1753-6N;Disconnect switch 3 pôles 60 A;Allen-Bradley;Lumen - Joliette;100.00 $ 
1LS1-L;Limit switch - Roller Lever;Honeywell;Dubo-électrique;135.72 $ 
1SNA 608 018 R1700;Opto-Coupleur OBC 1000-24VDC( ABB Maintenant);Entrelec;Stl ou Proax (Ancien Montrex);40.50 $ 
1SVR 010200R1600;Isolateur 4-20 mA pour analog out;Entrelec;Proax;170.00 $ 
289-447;25 Pin Interface module Wago pour Carte trio;Wago;Rotalec;51.00 $ 
2W2D;Interrupteur de pression;United Electric Controls;Wainbee/Cadence;450.00 $ 
3001-MR;Pressure switch ;Dwyer;Furneco;365.00 $ 
4000-73000-0010000;Passe Cloison RJ45 Prise Ethernet;Murr;Ontor;40.00 $ 
40FY26-33;Read switch part 1;Pepperl&Fuchs;Stock - Magasin;100.00 $ 
41FY1;Read switch part 2;Pepperl&Fuchs;Stock - Magasin;100.00 $ 
42K6565;9 Pins Plug Male crip - IDC Connecteur;Newark;Newark;3.65 $ 
42K6569;15 Pins Plug Male crip - IDC Connecteur;Newark;Newark;5.06 $ 
42K7903;9 Pins Plug Female crip - IDC Connecteur;Newark;Newark;3.48 $ 
42K7905;15 Pins Plug Female crip - IDC Connecteur;Newark;Newark;4.99 $ 
42K8648;25 Pins Plug Male crip - IDC Connecteur;Newark;Newark;4.88 $ 
42K8651 ;37 Pins Plug crip - IDC Connecteur (VISSEUSE G.R);Newark;Newark;7.98 $ 
440E-A13081;Kit d'installation pour corde de sécurité 15 M;Allen-Bradley;Lumen - Joliette;170.00 $ 
440E-L13133;Corde de sécurité (GC-54);Allen-Bradley;Lumen - Joliette;275.40 $ 
44508-1131;Interrupteur de sécurité ;STI Technologies;Proax;235.76 $ 
44534-0430;Contrôle de porte POWER TO LOCK (KEYSWITCH);Omron;Proax;272.00 $ 
50195K73;Flotte pour niveau d'huile - 1 NC;McMaster Carr;McMaster Carr;19.55 $ 
50F663;Modular Head Assy;Newark;Newark;303.90 $ 
50F783;Pistol Crip Tool;Newark;Newark;88.90 $ 
51012338;Breakout board pour caméra DVT 8002-025/k050-0613100-6200;Wago;Rotalec;93.07 $ 
514-206-2021;Électricien Gastier ( Alain Hébert );Gastier M.P;Gastier M.P;70.00 $ 
514-206-2021;Frais de camion Gastier;Gastier M.P;Gastier M.P;75.00 $ 
5511727;kit de connecteur 32 pin straight;Phoenix Contact;Proax;162.18 $ 
60059;Rectangular punch unit 35 mm X 65 mm ;Greenlee;Dubo-électrique;1,092.00 $ 
60062;Rectangular punch unit 35 mm X 82 mm ;Greenlee;Dubo-électrique;1,272.00 $ 
60065;Rectangular punch unit 35 mm X 112 mm ;Greenlee;Dubo-électrique;1,383.00 $ 
602204;Ol-flex 4 conducteur 22 Gauge 300 m;Lapp Canada;Lumen - Joliette;300.00 $ 
602205;Cable olflex 5 conducteur 22 AWG (au pied);Lapp Canada;Lumen - Joliette;3.94 $ 
7000-08321-0000000;Connecteur 3 pin - Mâle;Murr;Ontor;10.10 $ 
7000-08341-0000000;connecteur 4 pin male (rallonge de fil);Murr;Ontor;12.00 $ 
7000-08361-0000000;Connecteur 3 pin - Female;Murr;Ontor;11.80 $ 
7000-08381-0000000;connecteur 4 pin femelle (rallonge de fil);Murr;Ontor;12.00 $ 
70XTSGC120A-Z;Sonde à température;Zesta Engineering;Zesta Engineering;50.00 $ 
750-341;KIT Ethernet I/O: Ethernet Fieldbus Coupler;Wago;Rotalec;688.87 $ 
750-430;KIT Ethernet I/O: 8 Point Digital Input Module;Wago;Rotalec;89.96 $ 
750-530;KIT Ethernet I/O: 8 Point Digital Ouputt Module;Wago;Rotalec;101.28 $ 
750-600;KIT Ethernet I/O: End Module;Wago;Rotalec;21.85 $ 
7900264 - MM08-60APS-ZU0;Proximité Magnétique;Sick;Cadence Automation;81.00 $ 
7901782 - MAG-1003-S;Magnet pour prox magnétique;Sick;Cadence Automation;28.35 $ 
800H-QPBH24A;Indicateur EX Ambre;Allen-Bradley;Lumen - Joliette;460.74 $ 
800H-QPBH24G;Indicateur EX Vert;Allen-Bradley;Lumen - Joliette;460.74 $ 
800H-QPBH24R;Indicateur EX Rouge;Allen-Bradley;Lumen - Joliette;460.74 $ 
800T-1TZ;Boitier 1 trou pour bouton opérateur;Allen-Bradley;Lumen - Joliette;110.83 $ 
800T-2TZ;Boitier 2 trou pour bouton opérateur;Allen-Bradley;Lumen - Joliette;200.00 $ 
800T-3TZ;Boitier 3 trou pour bouton opérateur;Allen-Bradley;Lumen - Joliette;152.98 $ 
800T-6THZ;Boitier 6 trou pour bouton opérateur;Allen-Bradley;Lumen - Joliette;220.00 $ 
800T-6TZ;Boitier 6 trou pour bouton opérateur;Allen-Bradley;Lumen - Joliette;250.00 $ 
800T-9TZ;Boitier 9 trou pour bouton opérateur;Allen-Bradley;Lumen - Joliette;285.00 $ 
800T-A1A;Bouton poussoirs VERT;Allen-Bradley;Lumen - Joliette;67.91 $ 
800T-A2A;Bouton poussoirs NOIR;Allen-Bradley;Lumen - Joliette;67.91 $ 
800T-A6A;Bouton poussoirs ROUGE;Allen-Bradley;Lumen - Joliette;67.91 $ 
800T-FXT6A5;Bouton E-Stop  2N/C;Allen-Bradley;Lumen - Joliette;145.66 $ 
800T-H2A;Sélecteur 2 positions;Allen-Bradley;Lumen - Joliette;75.42 $ 
800T-H31A;Sélecteur à clé maintenu 2 pos. Sortie clé à gauche;Allen-Bradley;Lumen - Joliette;175.00 $ 
800T-H33A;Sélecteur à clé maintenu 2 pos. Sortie clé des 2 cotes;Allen-Bradley;Lumen - Joliette;175.00 $ 
800T-J2A;Sélecteur 3 positions maintenues Knob STD;Allen-Bradley;Lumen - Joliette;80.00 $ 
800T-J91A;Selecteur 3 positions ( spring return au centre 2X );Allen-Bradley;Lumen - Joliette;100.00 $ 
800T-N1;Bouchons;Allen-Bradley;Lumen - Joliette;11.00 $ 
800T-PAH16G;Bouton illuminé (Réarmement) 120 Volt;Allen-Bradley;Lumen - Joliette;168.79 $ 
800T-PH16A;Indicateur lumineux Ambre 120Vac;Allen-Bradley;Lumen - Joliette;125.00 $ 
800T-PH16G;Indicateur lumineux Vert 120Vac;Allen-Bradley;Lumen - Joliette;125.00 $ 
800T-PH16R;Indicateur lumineux Rouge 120Vac;Allen-Bradley;Lumen - Joliette;125.00 $ 
800T-QAH24G;Bouton illuminé (Réarmement) 24 Vdc;Allen-Bradley;Lumen - Joliette;181.54 $ 
800T-QH24A;Indicateur lumineux Ambre 24 Vdc;Allen-Bradley;Lumen - Joliette;133.62 $ 
800T-QH24G;Indicateur lumineux Vert 24 Vdc;Allen-Bradley;Lumen - Joliette;133.62 $ 
800T-QH24R;Indicateur lumineux Rouge 24 Vdc;Allen-Bradley;Lumen - Joliette;133.62 $ 
800T-X559;Plaquette d'identification de bouton;Allen-Bradley;Lumen - Joliette;4.00 $ 
800T-X646EMF;Plaquette d'identification de bouton d'arret d'urgence (francais );Allen-Bradley;Lumen - Joliette;7.50 $ 
800T-XA;Bloc contact 1 NO. 1NC;Allen-Bradley;Lumen - Joliette;35.97 $ 
800T-XA;Bloc contact 1 NO. 1NC;Allen-Bradley;Lumen - Joliette;35.97 $ 
8210G0002;Valve ASCO coil 24 volt 1/2 npt (pour liquide);ASCO;Conval Québec;135.00 $ 
855T-B24TL3;Stack Light LED Verte 24 VDC;Allen-Bradley;Lumen - Joliette;140.00 $ 
855T-B24TL4;Stack Light LED Rouge 24 VDC;Allen-Bradley;Lumen - Joliette;140.00 $ 
855T-B24TL5;Stack Light LED Ambre 24 VDC;Allen-Bradley;Lumen - Joliette;140.00 $ 
855T-BPM10C;Socle de montage sur tige 10 CM en alu.;Allen-Bradley;Lumen - Joliette;80.00 $ 
88F6137;Connecteurs pour câble Ethernet;Newark;Newark;45.17 $ 
88K2949;Hood pour DB-9;Newark;Newark;2.40 $ 
9338;Drive DC Penta KB Nema 4X KBPC-240D;KB Power;Motion canada;243.24 $ 
9429;Drive DC Penta KB KBIC-120, 90Vdc;KB Power;Motion canada;150.00 $ 
A32510-nd;Connecteur DB-9 Femelle;Digikeys;Digikeys;2.56 $ 
A-922505;cable de communication pour drive kollmorgean;Kollmorgent;Rotalec;27.00 $ 
ABBACS550U109A06B6;Drive ABB 5 HP 6.1 A;ABB;Moteur Électrique Laval;1,840.00 $ 
AFS222-221;Dual Purpose air switch;Cleveland;Refac;29.71 $ 
AJT1;Fusible 1 Amp boite de 10;Ferraz-Shawmut;Franklin-Empire;68.10 $ 
AJT60;fusible 60 ampère;Ferraz-Shawmut;Franklin-Empire;20.00 $ 
AK9-10-1A;Proximité analogique M18;Automation Direct;Automation Direct;110.00 $ 
AKD-B00606-NAAN-0000;AKD Base servo DRIVE 230 V - 6A;Kollmorgen;Rotalec;1,006.33 $ 
AKD-B01206-NAAN-0000;AKD Base servo DRIVE 230 V - 12A;Kollmorgen;Rotalec;1,285.87 $ 
AKM22E-EFCNR-00;Moteur Servo kollmorgean AKM;Kollmorgent;Rotalec;593.00 $ 
AKM24F-EFCNR-00;Moteur Servo kollmorgean AKM;Kollmorgent;Rotalec;652.00 $ 
AM9-10-1A;Proximité analogique M12 (0-0.27 in);Automation Direct;Automation Direct;103.00 $ 
AT9-10-1A;Proximité analogique M30;Automation Direct;Automation Direct;120.00 $ 
ATDR-10;Fusible 10 A;Ferraz-Shawmut;Franklin-Empire;7.10 $ 
ATDR15;fusible 15 ampère;Ferraz-Shawmut;Franklin-Empire;10.00 $ 
ATDR-15;Fusible 15 A;Ferraz-Shawmut;Franklin-Empire;7.10 $ 
ATDR-5;Fusible 5 A;Ferraz-Shawmut;Franklin-Empire;7.10 $ 
AT-GM-13A 66089;Two hand control module;Banner;Rotalec;303.99 $ 
AZS-2305-24 VDC;Minuterie de sécurité 24 VDC;Schmersal;Electro-mag;575.00 $ 
B511ACR49C / M0200576 - M1000724 - M1000415;Valve, simple solénoide 24 vdc + nipple;Parker;Stock - Magasin;100.00 $ 
B511ACR53C - M1000724 - M1000415;Valve, simple solénoide 120Vac + nipple;Parker;Stock - Magasin;100.00 $ 
B521ACR49C  - M1000724 - M1000415;Valve, double solénoide 24 vdc + nipple;Parker;Stock - Magasin;100.00 $ 
B521ACR53C - M1000724 - M1000415;Valve, double solénoide 120Vac + nipple;Parker;Stock - Magasin;100.00 $ 
BALVS1SP534B;Drive Baldor 3 Hp 575 V N4X (Delamare);Baldor;Moteur Électrique Laval;1,385.00 $ 
BC10-M30-VP4X;Proximité capacitive 30mm;Turck;Gray Electrique;332.15 $ 
BC10-S30-Y0X;Proximité capacitive 30mm Namur;Turck;Gray Electrique;250.00 $ 
BC5-S18-Y0X;Proximité capacitive, Namur;Turck;Gray Electrique;207.73 $ 
BEI-H40A-12GC-28V/V-CW-SC;Encodeur absolu shock proof gray code;B.E.I;Cancoppas;1,610.00 $ 
Bi 1 -EG05-AP6X-V1331;Proximité inductive - 1 mm - M5 - Shielded - 24Vdc PNP;Turck;Gray Electrique;70.00 $ 
Bi 1 -EG05-Y0V1331;Proximité INDUCTIVE 1 mm - M5 - 24 Vdc ;Turck;Gray Electrique;88.87 $ 
Bi1.5-EG08K-Y1;Proximité intrinsèque 1,5 mm - M8 - 24 Vdc ;Turck;Gray Electrique;88.87 $ 
Bi2-G12-Y0X;Proximite Inductive Namur;Turck;Gray Electrique;95.06 $ 
BRTTZ131;Ruban pour imprimante Ptouch 12mm;P-Touch;Corporate Express;25.00 $ 
BRTTZ141;Ruban pour imprimante Ptouch 18mm;P-Touch;Corporate Express;30.00 $ 
BRTTZ211;Ruban pour imprimante Ptouch 6mm;P-Touch;Corporate Express;18.99 $ 
BRTTZ221;Ruban pour imprimante Ptouch 9mm;P-Touch;Corporate Express;21.84 $ 
BZE6-2RN;Microswitch top plunger;Honeywell;Dubo-électrique;55.91 $ 
BZE6-2RN2;Microswitch top roller;Honeywell;Dubo-électrique;90.58 $ 
CAB602210S;Câble multiconducteur (10) AWG 22;Lapp Canada;Lumen - Joliette;11.45 $ 
CAB602216S;Câble multiconducteur (16) AWG 22;Lapp Canada;Lumen - Joliette;15.37 $ 
CBL-D25;Cable 15 pins, 25 pied pour camera DVT;DVT;Rotalec;100.00 $ 
CBL-P18;Câble illumination DVT Led Array;DVT;Rotalec;73.70 $ 
CBL-ROTIS-02;Cable 2 m 25 pin femelle à 25 pin mâle;Wago;Rotalec;30.00 $ 
CD12M-OB-070-A1;Câble de raccordementpour pressure switch;Automation Direct;Automation Direct;20.00 $ 
CH361AWK;Interrupteur de sécurité - Disjoncteur avec fusible;SquareD;Futech;350.00 $ 
CJ4-12GK-N;Prox. Intrinsèque M12;Pepperl&Fuchs;Contrôles Provan;155.70 $ 
Clamp;Attache pour Reed Switch Moujen - Liang-Yi;Liang-Yi / Moujen;Ontor;2.32 $ 
CLS D88 PMO;Actuateur pour magnetic sensor;Carlo Gavazzi;STL;15.00 $ 
CP0250-0-25;Tube Thermorétractables 1/4 po;Thomas&Betts;Gray Electrique;25.00 $ 
CP0375-0-25;Tube Thermorétractables 3/8 po;Thomas&Betts;Gray Electrique;25.00 $ 
CP0500-0-25;Tube Thermorétractables 1/2 po;Thomas&Betts;Gray Electrique;25.00 $ 
CS-SS-RHR1HE-12;Cable pour motor et feedback drive servostar 12 metres;Kollmorgent;Rotalec;900.00 $ 
D0-06AA;Automate DL-06 20 AC in /16 AC out;Automation Direct;Automation Direct;200.00 $ 
D0-06DD2;Automate DL-06 20 DC in /16 DC out sourcing;Automation Direct;Automation Direct;200.00 $ 
D0-16ND3;Module d'entrées 16 pts digitales (DL06);Automation Direct;Automation Direct;50.75 $ 
D0-16TD2;Module de sorties 16 pts digitales (DL06);Automation Direct;Automation Direct;53.73 $ 
D083M-12-9325-031;DDR 230 V - sine Encoder ip 65 - 6A;Kollmorgen;Rotalec;14,554.53 $ 
D103M-12-9325-030;DDR 230 V - sine Encoder IP65 - 12A;Kollmorgen;Rotalec;20,353.64 $ 
D2-06B-1;Base d'automate DL-205 - 6 slot;Automation Direct;Automation Direct;187.62 $ 
D2-09B-1;Base d'automate DL-205 - 9 slot;Automation Direct;Automation Direct;228.23 $ 
D2-16ND3-2;Module d'entrées 16 pts digitales - DL205;Automation Direct;Automation Direct;93.91 $ 
D2-16TD2-2;Module de sorties16 pts digitales - DL205;Automation Direct;Automation Direct;102.65 $ 
D2-250-1;Processeur pour DL-205 - CPU 250-1;Automation Direct;Automation Direct;306.39 $ 
D2-260;Processeur pour DL-205 - CPU 260;Automation Direct;Automation Direct;326.51 $ 
D2-32ND3-2;Module d'entrées 32 pts digitales - DL205;Automation Direct;Automation Direct;118.00 $ 
D2-CM;Module de contrôle pour expansion Multi-base;Automation Direct;Automation Direct;61.00 $ 
D2-CTRINT;Module counter interface ;Automation Direct;Automation Direct;85.00 $ 
D2-DCM;Module de communication;Automation Direct;Automation Direct;352.82 $ 
D2-EM;Module d'expansion Multi-base;Automation Direct;Automation Direct;60.00 $ 
D2-RSS;Module de connection à distance;Automation Direct;Automation Direct;355.00 $ 
D4-08B-1;Base d'expansion à 8 fentes;Automation Direct;Automation Direct;195.79 $ 
D40B-2D10;Interrupteur de porte;Omron;Proax;123.20 $ 
D40B-J2;Contrôleur d'interrupteur de porte;Omron;Proax;327.25 $ 
D4-32ND3-1;Carte 32 pts sink-source entrées;Automation Direct;Automation Direct;172.62 $ 
D4-32TD2;Carte 32 pts source sorties;Automation Direct;Automation Direct;209.69 $ 
D4BS-35FS;Interrupteur de sécurité;Omron;Proax;65.45 $ 
D4BS-K3;Clé pour intérrupteur de sécurité;Omron;Proax;23.10 $ 
D4N-3C32;Roller plunger avec C.G et 2NC/1NO;Omron;Proax;33.11 $ 
DM100-CMNT-000;C-Mount Adapteur;Cognex;Rotalec;267.67 $ 
DM100-IOBOX-000;Bornier de racordement;Cognex;Rotalec;378.34 $ 
DM100-USB-000;cable de communication USB pour lecteur;Cognex;Rotalec;63.60 $ 
DMR-100X-00;Lecteur bar code Dataman 100;Cognex;Rotalec;3,149.24 $ 
DVILC605;Snap CVR light DIFF;DVT;Rotalec;73.70 $ 
DVT CBL-P18;Primary illumination cable - 18 pi.;DVT;Rotalec;73.70 $ 
DVT IDIA;Infrared led array;DVT;Rotalec;884.40 $ 
DVT515;Caméra DVT 515;DVT;Rotalec;3,817.07 $ 
DVT545;Caméra DVT 545 Noir et Blanc;DVT;Rotalec;8,000.00 $ 
DVT545C;Caméra DVT 545 Couleur avec lumière intégré;DVT;Rotalec;10,000.00 $ 
DVT552CW;Caméra DVT 552 Couleur avec lumière intégré;DVT;Rotalec;11,940.00 $ 
E2A-S08LS02-WP-B1-2M;Interrupteur de proximité;Omron;Proax;53.90 $ 
E2CA-AL4C;Module d'amplification pour prox. Analogique;Omron;Proax;321.88 $ 
E2CA-AL4D;Module d'amplification pour prox. Analogique;Omron;Proax;321.88 $ 
E2CA-AL4E;Module d'amplification pour prox. Analogique;Omron;Proax;321.88 $ 
E2CA-AL4F;Module d'amplification pour prox. Analogique;Omron;Proax;321.88 $ 
E2CA-X10A-5M;Proximité analogique 1-5mm (0.04-0.20po);Omron;Proax;97.50 $ 
E2CA-X1R5A-5M;Proximité analogique 0.3-1.5mm (0.01-0.06po);Omron;Proax;97.50 $ 
E2CA-X2A-5M;Proximité analogique 0.4-2mm (0.02-0.08po);Omron;Proax;97.50 $ 
E2CA-X5A-5M;Proximité analogique 1-5mm (0.04-0.20po);Omron;Proax;97.50 $ 
E2E2-X18MY1-US;Proximité inductive - 18mm - M30 - Unshielded - 120 Vac;Omron;Proax;83.93 $ 
E2E-X1R5F1;Proximité inductive - 1.5 mm - M8 - Shielded - 24Vdc PNP;Omron;Proax;57.75 $ 
E2E-X2MF1;Proximité inductive - 2mm - M8 - Unshielded - 24Vdc PNP - NO;Omron;Proax;61.60 $ 
E2E-X5MF1;Proximité inductive - 5mm - M12 - Unshielded - 24Vdc PNP;Omron;Proax;61.60 $ 
E2E-X5MY1-US;Proximité inductive - 5 mm - M12 - Unshielded - 120 Vac;Omron;Proax;83.93 $ 
E32-DC200;Fibre Optique, Mode Diffuse  (reflexion);Omron;Proax;56.44 $ 
E32-DC200E;Fibre optique diffuse (petite);Omron;Proax;56.44 $ 
E32-TC200;Fibre Optique, Mode Opposé;Omron;Proax;56.44 $ 
E3S-AD31;Photocellule;Omron;Proax;120.12 $ 
E3S-X3CB4;Module pour fibre optique PNP;Omron;Proax;210.00 $ 
E3S-X3CE4;Senseur pour fibre optique (NPN);Omron;Proax;197.60 $ 
E3X-NA11F-2M;Senseur à fibre optique haute vitesse;Omron;Proax;165.55 $ 
E53-R4R4;Circuit de sortie de controleur de température;Omron;Proax;30.00 $ 
E5CK-AA1 AC/DC 24 V;Contrôleur de température 24 Volt;Omron;Proax;300.00 $ 
E5GN-R1TC;Controlleur de température 120 Volt;Omron;Proax;220.00 $ 
EA150-30275;Limit switch - bol syntron - Namco;Namco;Gray Electrique;243.25 $ 
EA7-T10C;Interface opérateur - 10 po.;Automation Direct;Automation Direct;1,575.00 $ 
EA7-T15C;Interface opérateur - 15 po.;Automation Direct;Automation Direct;2,300.00 $ 
EA7-T8C;Interface opérateur - 8 po.;Automation Direct;Automation Direct;1,086.54 $ 
EB-CP-RJ45-F1;Prise Ethernet;Six Net;Ontor;50.00 $ 
ECS-110;Boitier pour local disconnect x-proof;Appleton;Franklin-Empire;250.00 $ 
ECSK3MS;Local disconnect explosion proof  30A/600V/3P;Appleton;Franklin-Empire;380.00 $ 
ELKR120W05000EN;Resistance de freinage (ELK brake chopper) 120 ohm 4.8 Kw;;Moteur Électrique Laval;1,083.00 $ 
F0-4AD2DA-1;carte combo analogique - DL06;Automation Direct;Automation Direct;238.00 $ 
F2-02DA-1;Carte Sortie analogique 2 channel ;Automation Direct;Automation Direct;213.00 $ 
F2-04AD-1;Carte Entrée analogique 4 channel ;Automation Direct;Automation Direct;285.00 $ 
F2-08AD-2;Carte Entrée analogique 8 channel ;Automation Direct;Automation Direct;288.29 $ 
F39-GWUM;Module de comm avec Écran Lumineux Omron;Omron;Proax;323.90 $ 
F3SJ-A1025P20;Rideau Limineux de 1025mm - 6 pi.;Omron;Proax;2,615.80 $ 
F4-08AD;8 canaux analogique Entrée;Automation Direct;Automation Direct;554.92 $ 
FMD04-1;Connecteur pneumatic 5/32, size 1;Moduflex;Pneutech ou Wainbee;3.05 $ 
FMD07-2B;Connecteur pneumatic 1/4 str, size 2;Moduflex;Pneutech ou Wainbee;3.80 $ 
FMD09-2;Connecteur pneumatic 3/8 str, size 2;Moduflex;Pneutech ou Wainbee;4.55 $ 
FTM30-D4BB1;Fourchette vibrante pour solide;Endress&Hauser;Endress & Hauser;894.00 $ 
G2R-2-S 24 VDC;Relais 2 pôles 24 VDC;Omron;Proax;5.85 $ 
G7S-4A2B-E-DC24;Relais à contact guidé;Omron;Proax;33.60 $ 
G9S-301-120;Relais de sécurité - 120 VAC;Omron;Proax;242.55 $ 
G9S-301-24 VDC;Relais de sécurité - 24 VDC;Omron;Proax;211.75 $ 
G9SA-301-24 VDC;Relais de sécurité - 24 VDC - expansible;Omron;Proax;232.00 $ 
G9SA-501-24 VDC;Relais de sécurité - 24 VDC - expansible;Omron;Proax;212.00 $ 
G9SA-EX031-T075;Expansion temporité module G9SA 7,5 Secondes;Omron;Proax;152.00 $ 
H0-COM;Module de comm. Ethernet pour DL06;Automation Direct;Automation Direct;241.00 $ 
H0-ECOM100;Carte Ethernet 100 MB pour DL06;Automation Direct;Automation Direct;199.00 $ 
H2-CTRIO;Module counter interface module;Automation Direct;Automation Direct;325.00 $ 
H2-EBC100;Module ethernet remote I/O;Automation Direct;Automation Direct;300.00 $ 
H2-ECOM;Carte Ethernet pour DL205;Automation Direct;Automation Direct;381.00 $ 
H2-ECOM100;Carte Ethernet 100 MB pour DL205;Automation Direct;Automation Direct;326.31 $ 
H2-ERM;Module Ethernet master I/O ;Automation Direct;Automation Direct;200.00 $ 
H3CR-A-AC100-240;Minuterie Omron ;Omron;Proax;64.68 $ 
H4-ERM;Ethernet Remote I/O Master module DL405;Automation Direct;Automation Direct;230.00 $ 
H5CX-A11-A100-240;Minuterie Omron ;Omron;Proax;169.40 $ 
HCQCX;Reed Switch PNP;Bimba;Cowper;111.93 $ 
H-CX;Interrupteur PNP;Bimba;Cowper;63.85 $ 
HMDXX1;Union double Male Size 1;Moduflex;Pneutech ou Wainbee;4.55 $ 
HMDXX2;Union double Male Size 2;Moduflex;Pneutech ou Wainbee;4.55 $ 
HT17-075;Moteur Pas à pas;Applied Motion;Rotalec;64.35 $ 
IDRA;Lumière à LED rouge;DVT;Rotalec;600.00 $ 
ILC605;Diffuseur pour lumière;DVT;Rotalec;55.61 $ 
IT26S;Fibre optique ;Banner;Rotalec;99.29 $ 
IVUTGPG12;Capteur Intelligent IVU avec lumière verte intégré, Lentille 12mm, support et cable;Banner;Rotalec;1,550.58 $ 
IVUTGPR12;Capteur Intelligent IVU avec lumière rouge intégré, Lentille 12mm, support et cable;Banner;Rotalec;1,550.58 $ 
J7KNA-AR-31-110;Relais a contact Guidé 110 Volt;Omron;Proax;43.75 $ 
KFD0-CS-Ex2.50P;Barrière intrinsèque pour entrée analogique 4-20ma;Pepperl&Fuchs;Contrôles Provan ou STL;350.00 $ 
KFD2-SL2-EX2;Barrière intrinsèque pour sortie automate (Delamare);Pepperl&Fuchs;Contrôles Provan ou STL;300.00 $ 
KFD2-SR2-Ex2.w;Barrière intrinsèque entree namur et sortie relais form C;Pepperl&Fuchs;Contrôles Provan ou STL;315.29 $ 
KFD2-VR-EX1.50M;Barrière intrinsèque pour voltage 50 mV;Pepperl&Fuchs;Contrôles Provan;327.25 $ 
KFD2-WAC2-EX1.D;Barrière intrinsèque pour load cell. ( Delamare );Pepperl&Fuchs;Contrôles Provan;1,330.00 $ 
LAFST112M56575;Moteur Lafert 3.5 hp GC-54 1200 RPM;Lafert;Moteur Électrique Laval;995.00 $ 
LC1D09G7;Contacteur 3 pôles coil 120 VAC 7.5 HP;Télémécanique;Futech;69.36 $ 
LC1D32G7;Contacteur 3 pôles coil 120 VAC 25 HP;Télémécanique;Futech;320.00 $ 
LC1D40G7;Contacteur 3 pôles coil 120 VAC 30 HP;Télémécanique;Futech;320.00 $ 
LC1D50G7;Contacteur 3 pôles coil 120 VAC 40 HP;Télémécanique;Futech;320.00 $ 
LC-203-2K;Load cell, transducer technique pour delamare ;Omega;Omega;600.00 $ 
LC2D09G7;Contacteur inverseur 3 pôles coil 120 VAC 7.5 HP;Télémécanique;Futech;267.62 $ 
LCA32-43LD;"Limit switch de type ""roquer"" détection de zone";Omron;Proax;58.10 $ 
LCFD-500;Cellule de charge 500 lbs;Omega;Omega;785.00 $ 
LRD01;Relais de surcharge - 0,1 à 0,16 A;Télémécanique;Futech;58.12 $ 
LRD02;Relais de surcharge - 0,16 à 0,25 A;Télémécanique;Futech;58.12 $ 
LRD03;Relais de surcharge - 0,25 à 0,4 A;Télémécanique;Futech;58.12 $ 
LRD04;Relais de surcharge - 0,4 à 0,63 A;Télémécanique;Futech;58.12 $ 
LRD05;Relais de surcharge - 0,63 à 1 A;Télémécanique;Futech;58.12 $ 
LRD06;Relais de surcharge - 1 A à 1,7 A;Télémécanique;Futech;58.12 $ 
LRD07;Relais de surcharge - 1,6 A à 2,5 A;Télémécanique;Futech;58.12 $ 
LRD08;Relais de surcharge - 2,5 A à 4 A;Télémécanique;Futech;58.12 $ 
LRD10;Relais de surcharge - 4 A à 6 A;Télémécanique;Futech;58.12 $ 
LRD12;Relais de surcharge - 5,5 A à 8 A;Télémécanique;Futech;58.12 $ 
LRD14;Relais de surcharge - 7 A à 10 A;Télémécanique;Futech;58.12 $ 
LRD21;Relais de surcharge - 12 A à 18 A;Télémécanique;Futech;58.12 $ 
LRD3355;Relais de surcharge - 30 A à 40 A;Télémécanique;Futech;58.12 $ 
LS-BD2;Read switch pour cylindre rond;Liang-Yi / Moujen;Ontor;12.95 $ 
LSM2D;Limit Switch;Micro-Switch;;150.00 $ 
LTC-08F;Lentille 8mm avec espaceur 5mm;DVT;Rotalec;427.18 $ 
LTC-12F;Lentille 12mm avec espaceur 5mm;DVT;Rotalec;427.18 $ 
LTC-16F;Lentille 16mm avec espaceur 5mm;DVT;Rotalec;275.00 $ 
LTC-25F;Lentille 25mm avec espaceur 5mm;DVT;Rotalec;427.18 $ 
LTC-50F;Lentille 50mm avec espaceur 5mm;DVT;Rotalec;372.53 $ 
M1000263;Module pour bol syntron;Magasin;Stock - Magasin;580.00 $ 
MARK722;Moteur pour amorceuse;Marathon;Moteur Électrique Laval;229.00 $ 
MBCC-512 25226;5 pin female connector (pour 2 hand) 4 metre;Banner;Rotalec;50.84 $ 
MBCC-530 ;5 pin female connector (pour 2 hand) 9 metre;Banner;Rotalec;50.84 $ 
MK3P-5-I-120Vac;Relais 3 poles, 3DPT, 120Vac;Omron;Proax;50.00 $ 
MK3P-5-I-24Vdc;Relais 3 poles, 3DPT, 24 Vdc;Omron;Proax;50.00 $ 
MMDVA2;Silencieux d'échappement à clipper;Moduflex;Pneutech ou Wainbee;10.66 $ 
MPNY-750A-9-C;Embase de montage en nylon naturel;;Dubo-électrique;62.97 $ 
MQD9-415(MS0861212);Cable pour senseur fibre optique;Banner;Rotalec;48.24 $ 
MQDC2S-815;Cable USB 1 mètre;Banner;Rotalec;19.07 $ 
MR100-UBRK-000;Mounting Bracket;Cognex;Rotalec;378.67 $ 
Ni1OU-M12-AP6X;Prox. M12, U-Prox +;Turck;Gray Electrique;80.00 $ 
Ni5-G12-Y1X;Proximité Inductive, Namur;Turck;Gray Electrique;95.45 $ 
OHSP-011;Reed Switch PNP 90 deg. Barrel;Robohand;Wainbee;75.00 $ 
OHSP-017;Reed Switch PNP short barrel;Robohand;Wainbee;75.00 $ 
OR-445340700;Flat actuator pour contrôle de porte (Doorswitch power to lock);Omron;Proax;20.00 $ 
OTBVR81;Opto-Touch buttons;Banner;Rotalec;136.68 $ 
P015PBKF;Transfo. 600-120/208 15 KVa;Hammond;Gray Electrique;1,667.00 $ 
P190;Carte de controle Trio pour Drive kollmorgean;TrioMotion;Rotalec;730.00 $ 
P2CF-11;Base pour minuterie;Omron;Proax;9.00 $ 
P2M1PXCA;Module additif pour centre fermer Size 1;Moduflex;Pneutech ou Wainbee;50.00 $ 
P2M1V4EE2CV;Valve pneumatique size 1 double solenoide;Moduflex;Pneutech ou Wainbee;125.00 $ 
P2M1V4ES2CV;Valve pneumatique size 1 simple solenoide;Moduflex;Pneutech ou Wainbee;107.09 $ 
P2M1VDEE2CV;Valve double centre fermée size 1;Moduflex;Pneutech ou Wainbee;162.53 $ 
P2M1VGEE2CV;Valve double centre ouvert Size 1;Moduflex;Pneutech ou Wainbee;100.00 $ 
P2M2HEV0A;additif electrique au module de tete 20 PIN;Moduflex;Pneutech ou Wainbee;32.30 $ 
P2M2HXT01;Module pneumatique de tete et queue d'ilot;Moduflex;Pneutech ou Wainbee;16.27 $ 
P2M2PXCA;Module additif pour centre fermer Size 2;Moduflex;Pneutech ou Wainbee;31.14 $ 
P2M2V4EE2CV;Valve pneumatique size 2 double solenoide;Moduflex;Pneutech ou Wainbee;125.52 $ 
P2M2V4ES2CV;Valve pneumatique size 2 simple solenoide;Moduflex;Pneutech ou Wainbee;87.16 $ 
P2M2VBEE2CV;Valve double centre fermée size 2;Moduflex;Pneutech ou Wainbee;141.16 $ 
P2M2VGEE2CV;Valve double centre ouvert Size 2;Moduflex;Pneutech ou Wainbee;100.00 $ 
P2RF-08-E;Base de relais pour G2R-2-S 24 VDC;Omron;Proax;8.09 $ 
P390;axe additionnel pour trio motion;TrioMotion;Rotalec;600.00 $ 
P3GA-11;Panel mounting socket pour timer 11 pin;Omron;Proax;13.17 $ 
P7S-14F-END;Base de relais pour relais contact guidé;Omron;Proax;25.60 $ 
P8L-MD25A5B;Câble 25 pin pour valve pack;Moduflex;Pneutech ou Wainbee;106.35 $ 
P8LMH20M5A;Cable 5 Metres 20 pins;Moduflex;Pneutech ou Wainbee;64.36 $ 
P8LMH20M9A;Cable 9 Metres 20 pins;Moduflex;Pneutech ou Wainbee;85.39 $ 
PBT46U(MS0861201);Fibre Optique, Mode Diffuse;Banner;Rotalec;44.22 $ 
PF113A-E;Base pour relais MK3P;Omron;Proax;15.00 $ 
PH100AJ;Transformateur 600/120V 100 VA;Hammond;Gray Electrique;45.05 $ 
PH1500AJ;Transformateur 600V/120V 1500 VA ;Hammond;Gray Electrique;420.00 $ 
PH250AJ;Transformateur 600/120V 250 VA;Hammond;Gray Electrique;101.08 $ 
PIT46U;Fibre Optique, Mode Opposé;Banner;Rotalec;49.58 $ 
PKG 3Z-2;Cable pour proximité tucks;Turck;Gray Electrique;30.00 $ 
PKT99;Support a plan pour intérieur de panneau;Hammond;Gray Electrique;5.00 $ 
PML6BL- 3pi.;Patch cord Ethernet Bleu - 3 pi.;ITC Direct;InstaCable;3.10 $ 
PML6BL- 5pi.;Patch cord Ethernet Bleu - 5 pi.;ITC Direct;InstaCable;3.90 $ 
PML6BL-10 pi.;Patch cord Ethernet Bleu - 10 pi.;ITC Direct;InstaCable;5.00 $ 
PS3441C49P;Solénoïde ;Parker;Pneutech ou Wainbee;29.57 $ 
PSD25-OP-0145H;Pressure Switch ;Automation Direct;Automation Direct;110.00 $ 
PTD25-20-0100H;Pressure switch analogique 4-20 mA pour 0-100 PSI;Automation Direct;Automation Direct;150.00 $ 
PVLC1016197W2;Solénoïde pour valve pack - simple pilot;Parker;Pneutech ou Wainbee;81.86 $ 
PVLC1026197W2;Solénoïde pour valve pack - double pilot;Parker;Pneutech ou Wainbee;94.83 $ 
PVLC17137D25A;Valve pack;Parker;Pneutech ou Wainbee;93.89 $ 
PWSB1997;socle pour pressure switch de tempo print;parker;Pneutech ou Wainbee;30.00 $ 
PWS-M1012;Pressure switch tempo print;parker;Pneutech ou Wainbee;75.00 $ 
Q45AD9FQ(MS0861206);Senseur a fibre optique Namur;Banner;Rotalec;121.30 $ 
QPI-CTAE-0000;Ecran d'opérateur 10.4 po couleur, Ethernet;QuickPanel;Ontor;3,515.00 $ 
R140-045-000R;Slope Adaptor;Hammond;Gray Electrique;63.75 $ 
R144-042-000R;Tube 2 metre, 80mm;Hammond;Gray Electrique;225.88 $ 
R147-015-200R;Intermediate Joint 80mm;Hammond;Gray Electrique;549.90 $ 
R147-020-200R;Elbow 80mm;Hammond;Gray Electrique;248.65 $ 
R147-025-200R;Enclosure Coupling 80mm;Hammond;Gray Electrique;305.03 $ 
R147-030-200R;Cast Iron Base 80mm;Hammond;Gray Electrique;237.36 $ 
R147-035-200R;Elbow Coupling 80mm;Hammond;Gray Electrique;442.35 $ 
RM004N91;Reactance de ligne 3 % 4 A ( Protect moteur );Hammond;Gray Electrique;110.00 $ 
RM008N75;Reactance de ligne 5 % 8 A ( Protect Drive );Hammond;Gray Electrique;110.00 $ 
RNDSFN15B315U56C;Gearbox pour moteur d'amorceuse - Assemblé avec moteur;Marathon;Moteur Électrique Laval;795.00 $ 
Roll-Clamp;Rouleau de strap mérallique pour attache;Liang-Yi / Moujen;Ontor;6.45 $ 
S2580G;Goulotte 1 po. X 3 po.X 78 po. - 16 mcx;Techspan;Proax;194.08 $ 
S30361-NA;Drive Servostar 300, 3 A, 230 Vac;Kollmorgent;Rotalec;1,124.37 $ 
S30661-NA;Drive Servostar 300, 6 Amp, 230 Vac;Kollmorgent;Rotalec;1,300.00 $ 
S4080G;Goulotte 1,5 po. X 3 po.X 78 po. - 12 mcx;Techspan;Proax;176.16 $ 
S6080G;Goulotte 2,25 po. X 3 po. X 78 po.-12 mcx;Techspan;Proax;390.84 $ 
S82K-05024;Bloc alimentation 24 Vdc 50 Watt;Omron;Proax;134.40 $ 
S8VS-06024;Bloc alimentation - 24 VDC - 60 W;Omron;Proax;69.30 $ 
S8VS-09024;Bloc alimentation - 24 VDC - 90 W;Omron;Proax;85.00 $ 
S8VS-12024;Bloc alimentation - 24 VDC - 120 W;Omron;Proax;208.00 $ 
S8VS-24024;Bloc alimentation - 24 VDC - 240 W;Omron;Proax;275.00 $ 
SMBR-16;Mounting Bracket pour reed swich machine savon;Festo;Festo;5.00 $ 
SMS-AP20AG02M;Safety Magnetic Sensor;Carlo Gavazzi;STL;70.76 $ 
SRPE-500-9-C;Polyethylene spiral wrap 0.50 pouce;Techspan;Proax;50.00 $ 
ST5-S;Controleur pour moteur pas-à-pas;Applied Motion;Rotalec;292.05 $ 
STBVR81LQ- 64194;STB self check 20-30 VAC/DC;Banner;Rotalec;92.36 $ 
T43-673;Prisme Littrow 22 mm;Edmunds optics;Edmunds Scientific;52.62 $ 
TD2-7D00-030/TEA-A110-002;Flow switch pour huile;Magnetrol;Contrôles Provan;1,045.00 $ 
TL4019-3110 ITM;Interrup avec barrure Mec. Power to unlock;STI Technologies;Proax;325.00 $ 
US3J3I;Porte fusible 3 poles ( 60 Amp. );Ferraz-Shawmut;Franklin-Empire;75.00 $ 
USBAMAF-10F;Extension USB;B&B Electronic;B&B Electronic;12.72 $ 
USCC2I;Porte fusible - 2 pôles;Ferraz-Shawmut;Franklin-Empire;40.76 $ 
USCC3I;Porte fusible - 3 pôles;Ferraz-Shawmut;Franklin-Empire;61.76 $ 
V1-W-YE5M-PVC;Cable pour guard switch magn.;Pepperl&Fuchs;Stock - Magasin;100.00 $ 
VF-SB4474N-12-0;Feedback cable 12 M drive-DDR;Kollmorgen;Rotalec;169.75 $ 
VP-507BEAN-12-0;Power cable 12 M DDR-Drive 6A AKD;Kollmorgen;Rotalec;165.69 $ 
VP-508CEAN-12-0;Power cable 12 M DDR-Drive 12A AKD;Kollmorgen;Rotalec;231.76 $ 
XH25D-SS-12GC-28V/V-CW-SM14/19;Encodeur absolu code gray ( modèle pas heavy duty);B.E.I;Cancoppas;645.00 $ 
Z7.415.0010.0;Boitier de connection pour cable DB9 de com. Sur panneau;Wieland;Dubo-électrique;42.00 $ 
Z7.415.0810.0;Boitier de connection pour cable DB15 de com. Sur panneau;Wieland;Dubo-électrique;42.00 $ 
Z7.415.1610.0;Boitier de connection pour cable DB25 de com. Sur panneau;Wieland;Dubo-électrique;42.00 $ 
Z966;Barrière intrinsèque pour load cell - Alim;Pepperl&Fuchs;Contrôles Provan ou STL;115.20 $ 
Z966.F;Barrière intrinsèque pour load cell - Lect;Pepperl&Fuchs;Contrôles Provan ou STL;127.80 $ 
ZL-CM40;Feed Through connector module;Zip-Link;Automation Direct;56.77 $ 
ZL-D0-CBL24 ;Cable Zip-link OUTPUT de DL06;Zip-Link;Automation Direct;31.00 $ 
ZL-D0-CBL24L;Cable Zip-link INPUT de DL06;Zip-Link;Automation Direct;31.00 $ 
ZL-D24-CBL40-2;Cable Zip-link INPUT 32 pts DL205;Zip-Link;Automation Direct;38.00 $ 
ZL-RTB20;Module pour I/O de DL06;Zip-Link;Automation Direct;21.89 $ 
ZL-RTB40;Module zip-link pour carte 32 points DL205;Zip-Link;Automation Direct;30.00 $ 
ZX-EDA41-2M;Module pour le capteur analog. pour PIU;Omron;Proax;838.50 $ 
ZX-EDR5T;Capteur analogique pour PIU;Omron;Proax;612.00 $ 
6500-53-04;Reducteur 5/32 - 1/4;Moduflex;CP Automation;2.42 $ 
33-14143-4x+MA2;Repectacle female, 20A, 3 Poles;Meltric;Jacmar;250.00 $ 
33-18143-4x-1PH12;Inlet male, 20A, 3 Poles;Meltric;Jacmar;250.00 $ 
R147-030-000R;Cast Iron Base 50mm;Hammond;Gray Electrique;237.36 $ 
R147-020-000R;Elbow 50mm;Hammond;Gray Electrique;248.65 $ 
R147-015-000R;Intermediate Joint 50mm;Hammond;Gray Electrique;549.90 $ 
R147-035-000R;Elbow Coupling 50mm;Hammond;Gray Electrique;442.35 $ 
R147-025-000R;Enclosure Coupling 50mm;Hammond;Gray Electrique;305.03 $ 
R144-022-000R;Tube 2 metre, 50mm;Hammond;Gray Electrique;225.88 $ 
;;;;
;;;;
;;;;
;;;;
;;;;
;;;;
;;;;
;;;;
;;;;
;;;;
;;;;
;;;;
;;;;
;;;;
;;;;
;;;;
;;;;
;;;;
;;;;
;;;;
;;;;
;;;;
;;;;
;;;;
;;;;
;;;;
;;;;
;;;;
;;;;
;;;;
;;;;
;;;;
;;;;
;;;;
;;;;
;;;;
;;;;
;;;;
;;;;
;;;;
;;;;
;;;;
;;;;
;;;;
;;;;
;;;;
;;;;
;;;;
;;;;
;;;;
;;;;
;;;;
;;;;
;;;;
;;;;
;;;;
;;;;
;;;;
;;;;
;;;;
;;;;
;;;;
;;;;
;;;;
;;;;
;;;;
;;;;
;;;;
;;;;
;;;;
;;;;
;;;;
;;;;
;;;;
;;;;
;;;;
;;;;
;;;;
;;;;
;;;;
;;;;
;;;;
;;;;
;;;;
;;;;
;;;;
;;;;
;;;;
;;;;
;;;;
;;;;
;;;;
;;;;
;;;;
;;;;
;;;;
;;;;
;;;;
;;;;
;;;;
;;;;
;;;;
;;;;
;;;;
;;;;
;;;;
;;;;
;;;;
;;;;
;;;;
;;;;
;;;;
;;;;
;;;;
;;;;
;;;;
;;;;
;;;;
;;;;
;;;;
;;;;
;;;;
;;;;
;;;;
;;;;
;;;;
;;;;
;;;;
;;;;
;;;;
;;;;
;;;;
;;;;
;;;;
;;;;
;;;;
;;;;
;;;;
;;;;
;;;;
;;;;
;;;;
;;;;
;;;;
;;;;
;;;;
;;;;
;;;;
;;;;
;;;;
;;;;
;;;;
;;;;
;;;;
;;;;
;;;;
;;;;
;;;;
;;;;
;;;;
;;;;
;;;;
;;;;
;;;;
;;;;
;;;;
;;;;
;;;;
;;;;
;;;;
;;;;
;;;;
;;;;
;;;;
;;;;
;;;;
;;;;
;;;;
;;;;
;;;;
;;;;
;;;;
;;;;
;;;;
;;;;
;;;;
;;;;
;;;;
;;;;
;;;;
;;;;
;;;;
;;;;
;;;;
;;;;
;;;;
;;;;
;;;;
;;;;
;;;;
;;;;
;;;;
;;;;
;;;;
;;;;
;;;;
;;;;
;;;;
;;;;
;;;;
;;;;
;;;;
;;;;
;;;;
;;;;
;;;;
;;;;
;;;;
;;;;
;;;;
;;;;
;;;;
;;;;
;;;;
;;;;
;;;;
;;;;
;;;;
;;;;
;;;;
;;;;
;;;;
;;;;
;;;;
;;;;
;;;;
;;;;
;;;;
;;;;
;;;;
;;;;
;;;;
;;;;
;;;;
;;;;
;;;;
;;;;
;;;;
;;;;
;;;;
;;;;
;;;;
;;;;
;;;;
;;;;
;;;;
;;;;
;;;;
;;;;
;;;;
;;;;
;;;;
;;;;
;;;;
;;;;
;;;;
;;;;
;;;;
;;;;
;;;;
;;;;
;;;;
;;;;
;;;;
;;;;
;;;;
;;;;
;;;;
;;;;
;;;;
;;;;
;;;;
;;;;
;;;;
;;;;
;;;;
;;;;
;;;;
;;;;
;;;;
;;;;
;;;;
;;;;
;;;;
;;;;
;;;;
;;;;
;;;;
;;;;
;;;;
;;;;
;;;;
;;;;
;;;;
;;;;
;;;;
;;;;
;;;;
;;;;
;;;;
;;;;
;;;;
;;;;
;;;;
;;;;
;;;;
;;;;
;;;;
;;;;
;;;;
;;;;
;;;;
;;;;
;;;;
;;;;
;;;;
;;;;
;;;;
;;;;
;;;;
;;;;
;;;;
;;;;
;;;;
;;;;
;;;;
;;;;
;;;;
;;;;
;;;;
;;;;
;;;;
;;;;
;;;;
;;;;
;;;;
;;;;
;;;;
;;;;
;;;;
;;;;
;;;;
;;;;
;;;;
;;;;
;;;;
;;;;
;;;;
;;;;
;;;;
;;;;
;;;;
;;;;
;;;;
;;;;
;;;;
;;;;
;;;;
;;;;
;;;;
;;;;
;;;;
;;;;
;;;;
;;;;
;;;;
;;;;
;;;;
;;;;
;;;;
;;;;
;;;;
;;;;
;;;;
;;;;
;;;;
;;;;
;;;;
;;;;
;;;;
;;;;
;;;;
;;;;
;;;;
;;;;
;;;;
;;;;
;;;;
;;;;
;;;;
;;;;
;;;;
;;;;
;;;;
;;;;
;;;;
;;;;
;;;;
;;;;
;;;;
;;;;
;;;;
;;;;
;;;;
;;;;
;;;;
;;;;
;;;;
;;;;
;;;;
;;;;
;;;;
;;;;
;;;;
;;;;
;;;;
;;;;
;;;;
;;;;
;;;;
;;;;
;;;;
;;;;
;;;;
;;;;
;;;;
;;;;
;;;;
;;;;
;;;;
;;;;
;;;;
;;;;
;;;;
;;;;
;;;;
;;;;
;;;;
;;;;
;;;;
;;;;
;;;;
;;;;
;;;;
;;;;
;;;;
;;;;
;;;;
;;;;
;;;;
;;;;
;;;;
;;;;
;;;;
;;;;
;;;;
;;;;
;;;;
;;;;
;;;;
;;;;
;;;;
;;;;
;;;;
;;;;
;;;;
;;;;
;;;;
;;;;
;;;;
;;;;
;;;;
;;;;
;;;;
;;;;
;;;;
;;;;
;;;;
;;;;
;;;;
;;;;
;;;;
;;;;
;;;;
;;;;
;;;;
;;;;
;;;;
;;;;
;;;;
;;;;
;;;;
;;;;
;;;;
;;;;
;;;;
;;;;
;;;;
;;;;
;;;;
;;;;
;;;;
;;;;
;;;;
;;;;
;;;;
;;;;
;;;;
;;;;
;;;;
;;;;
;;;;
;;;;
;;;;
;;;;
;;;;
;;;;
;;;;
;;;;
;;;;
;;;;
;;;;
;;;;
;;;;
;;;;
;;;;
;;;;
;;;;
;;;;
;;;;
;;;;
;;;;
;;;;
;;;;
;;;;
;;;;
;;;;
;;;;
;;;;
;;;;
;;;;
;;;;
;;;;
;;;;
;;;;
;;;;
;;;;
;;;;
;;;;
;;;;
;;;;
;;;;
;;;;
;;;;
;;;;
;;;;
;;;;
;;;;
;;;;
;;;;
;;;;
;;;;
;;;;
;;;;
;;;;
;;;;
;;;;
;;;;
;;;;
;;;;
;;;;
;;;;
;;;;
;;;;
;;;;
;;;;
;;;;
;;;;
;;;;
;;;;
;;;;
;;;;
;;;;
;;;;
;;;;
;;;;
;;;;
;;;;
;;;;
;;;;
;;;;
;;;;
;;;;
;;;;
;;;;
;;;;
;;;;
;;;;
;;;;
;;;;
;;;;
;;;;
;;;;
;;;;
;;;;
;;;;
;;;;
;;;;
;;;;
;;;;
;;;;
;;;;
;;;;
;;;;
;;;;
;;;;
;;;;
